-- MySQL dump 10.13  Distrib 8.0.23, for Linux (x86_64)
--
-- Host: localhost    Database: vk
-- ------------------------------------------------------
-- Server version	8.0.23-0ubuntu0.20.04.1

/*!40101 SET @OLD_CHARACTER_SET_CLIENT=@@CHARACTER_SET_CLIENT */;
/*!40101 SET @OLD_CHARACTER_SET_RESULTS=@@CHARACTER_SET_RESULTS */;
/*!40101 SET @OLD_COLLATION_CONNECTION=@@COLLATION_CONNECTION */;
/*!50503 SET NAMES utf8mb4 */;
/*!40103 SET @OLD_TIME_ZONE=@@TIME_ZONE */;
/*!40103 SET TIME_ZONE='+00:00' */;
/*!40014 SET @OLD_UNIQUE_CHECKS=@@UNIQUE_CHECKS, UNIQUE_CHECKS=0 */;
/*!40014 SET @OLD_FOREIGN_KEY_CHECKS=@@FOREIGN_KEY_CHECKS, FOREIGN_KEY_CHECKS=0 */;
/*!40101 SET @OLD_SQL_MODE=@@SQL_MODE, SQL_MODE='NO_AUTO_VALUE_ON_ZERO' */;
/*!40111 SET @OLD_SQL_NOTES=@@SQL_NOTES, SQL_NOTES=0 */;

--
-- Table structure for table `communities`
--

DROP TABLE IF EXISTS `communities`;
/*!40101 SET @saved_cs_client     = @@character_set_client */;
/*!50503 SET character_set_client = utf8mb4 */;
CREATE TABLE `communities` (
  `id` int unsigned NOT NULL AUTO_INCREMENT COMMENT 'Идентификатор сроки',
  `name` varchar(150) CHARACTER SET utf8mb4 COLLATE utf8mb4_unicode_ci NOT NULL COMMENT 'Название группы',
  `created_at` datetime DEFAULT CURRENT_TIMESTAMP COMMENT 'Время создания строки',
  `updated_at` datetime DEFAULT CURRENT_TIMESTAMP ON UPDATE CURRENT_TIMESTAMP COMMENT 'Время обновления строки',
  PRIMARY KEY (`id`),
  UNIQUE KEY `name` (`name`)
) ENGINE=InnoDB AUTO_INCREMENT=101 DEFAULT CHARSET=utf8mb4 COLLATE=utf8mb4_unicode_ci COMMENT='Группы';
/*!40101 SET character_set_client = @saved_cs_client */;

--
-- Dumping data for table `communities`
--

LOCK TABLES `communities` WRITE;
/*!40000 ALTER TABLE `communities` DISABLE KEYS */;
INSERT INTO `communities` VALUES (1,'id','1988-11-08 16:50:41','1975-11-25 09:10:51'),(2,'odio','2012-05-25 23:31:50','2018-01-02 00:09:34'),(3,'enim','2001-06-18 09:40:11','1990-05-13 11:34:51'),(4,'numquam','1999-02-14 03:09:59','1982-09-15 15:19:40'),(5,'cum','1977-01-26 15:20:39','2006-05-16 00:17:09'),(6,'temporibus','2002-11-05 16:17:44','1989-05-09 02:41:00'),(7,'officia','2002-01-09 10:50:20','1989-05-02 16:34:58'),(8,'exercitationem','2018-10-13 20:23:32','1996-01-20 04:24:38'),(9,'ducimus','2006-03-31 07:36:06','1979-12-06 14:37:21'),(10,'vitae','1982-12-09 00:30:18','1987-01-16 15:20:21'),(11,'maxime','2001-10-15 18:57:34','1981-11-14 02:18:32'),(12,'inventore','1997-07-13 05:58:52','2004-05-16 08:01:12'),(13,'quia','1997-04-19 08:01:44','1995-07-11 02:34:46'),(14,'tempora','2013-11-20 19:28:10','2001-02-21 09:26:26'),(15,'vel','1999-10-02 18:11:14','1970-12-25 14:05:30'),(16,'delectus','1995-12-16 18:15:54','1979-05-02 06:49:12'),(17,'voluptatibus','1970-08-21 11:09:06','2020-01-05 11:17:12'),(18,'fuga','1987-04-03 19:08:32','2000-10-31 09:02:43'),(19,'est','1993-10-04 20:39:04','1982-11-03 05:41:23'),(20,'et','2014-07-14 09:43:43','2020-05-15 18:25:57'),(21,'mollitia','1974-02-02 23:46:22','1981-03-19 13:08:28'),(22,'quos','1997-07-17 21:19:58','2016-05-06 22:34:30'),(23,'cumque','1991-11-22 07:27:10','2020-10-18 19:27:40'),(24,'incidunt','1999-12-31 13:54:53','1987-09-10 13:26:38'),(25,'ut','2005-02-10 18:13:46','1997-05-07 23:04:21'),(26,'aut','2001-01-08 01:54:59','1997-05-30 12:47:13'),(27,'explicabo','1994-09-22 17:15:00','2016-02-28 02:42:50'),(28,'optio','2009-10-11 10:37:57','2016-09-11 05:40:13'),(29,'autem','1972-11-04 02:49:13','2009-08-09 05:37:59'),(30,'architecto','1999-06-17 23:54:16','2003-08-13 12:04:26');
/*!40000 ALTER TABLE `communities` ENABLE KEYS */;
UNLOCK TABLES;

--
-- Table structure for table `communities_users`
--

DROP TABLE IF EXISTS `communities_users`;
/*!40101 SET @saved_cs_client     = @@character_set_client */;
/*!50503 SET character_set_client = utf8mb4 */;
CREATE TABLE `communities_users` (
  `community_id` int unsigned NOT NULL COMMENT 'Ссылка на группу',
  `user_id` int unsigned NOT NULL COMMENT 'Ссылка на пользователя',
  `created_at` datetime DEFAULT CURRENT_TIMESTAMP COMMENT 'Время создания строки',
  PRIMARY KEY (`community_id`,`user_id`) COMMENT 'Составной первичный ключ'
) ENGINE=InnoDB DEFAULT CHARSET=utf8mb4 COLLATE=utf8mb4_unicode_ci COMMENT='Участники групп, связь между пользователями и группами';
/*!40101 SET character_set_client = @saved_cs_client */;

--
-- Dumping data for table `communities_users`
--

LOCK TABLES `communities_users` WRITE;
/*!40000 ALTER TABLE `communities_users` DISABLE KEYS */;
/*!40000 ALTER TABLE `communities_users` ENABLE KEYS */;
UNLOCK TABLES;

--
-- Table structure for table `friendship`
--

DROP TABLE IF EXISTS `friendship`;
/*!40101 SET @saved_cs_client     = @@character_set_client */;
/*!50503 SET character_set_client = utf8mb4 */;
CREATE TABLE `friendship` (
  `user_id` int unsigned NOT NULL COMMENT 'Ссылка на инициатора дружеских отношений',
  `friend_id` int unsigned NOT NULL COMMENT 'Ссылка на получателя приглашения дружить',
  `friendship_status_id` int unsigned NOT NULL COMMENT 'Ссылка на статус (текущее состояние) отношений',
  `confirmed_at` datetime DEFAULT NULL COMMENT 'Время подтверждения приглашения',
  `created_at` datetime DEFAULT CURRENT_TIMESTAMP COMMENT 'Время создания строки',
  `updated_at` datetime DEFAULT CURRENT_TIMESTAMP ON UPDATE CURRENT_TIMESTAMP COMMENT 'Время обновления строки',
  PRIMARY KEY (`user_id`,`friend_id`) COMMENT 'Составной первичный ключ'
) ENGINE=InnoDB DEFAULT CHARSET=utf8mb4 COLLATE=utf8mb4_unicode_ci COMMENT='Таблица дружбы';
/*!40101 SET character_set_client = @saved_cs_client */;

--
-- Dumping data for table `friendship`
--

LOCK TABLES `friendship` WRITE;
/*!40000 ALTER TABLE `friendship` DISABLE KEYS */;
INSERT INTO `friendship` VALUES (1,2,1,'2016-11-19 16:13:11','2020-03-20 11:12:49','2021-04-21 22:52:28'),(2,3,1,'2017-07-26 02:08:51','2020-11-11 08:38:42','2021-04-21 22:52:42'),(3,4,3,'2011-11-09 00:20:14','2017-07-11 05:03:07','2021-04-21 22:52:28'),(4,5,1,'2017-05-03 20:12:27','2017-02-19 00:59:52','2021-04-21 22:52:42'),(5,6,3,'2015-04-19 02:51:24','2020-04-13 08:54:14','2021-04-21 22:52:42'),(6,7,3,'2018-06-03 05:11:06','2017-06-09 04:05:41','2021-04-21 22:52:42'),(7,8,1,'2019-07-17 13:44:51','2020-03-08 02:31:09','2021-04-21 22:52:42'),(8,9,3,'2017-12-27 17:27:38','2017-03-31 08:10:42','2021-04-21 22:52:42'),(9,10,1,'2021-01-11 20:36:43','2018-12-15 09:19:26','2021-04-21 22:52:42'),(10,11,2,'2012-07-03 15:46:21','2018-04-15 12:06:05','2021-04-21 22:52:42'),(11,12,1,'2014-04-09 11:31:05','2019-09-12 21:47:34','2021-04-21 22:52:42'),(12,13,2,'2013-02-03 14:03:16','2012-07-13 22:49:57','2021-04-21 22:52:42'),(13,14,1,'2017-03-24 13:06:36','2016-08-28 02:38:52','2021-04-21 22:52:42'),(14,15,2,'2018-02-11 06:29:46','2020-12-17 20:29:29','2021-04-21 22:52:42'),(15,16,1,'2020-12-04 15:29:36','2012-10-27 17:36:35','2021-04-21 22:52:42'),(16,17,3,'2018-12-06 11:41:59','2019-01-18 02:56:04','2021-04-21 22:52:42'),(17,18,1,'2019-07-26 11:42:01','2019-07-03 17:11:45','2021-04-21 22:52:42'),(18,19,2,'2020-06-14 06:15:20','2014-02-28 15:10:18','2021-04-21 22:52:42'),(19,20,1,'2017-11-13 04:16:59','2020-01-14 20:22:11','2021-04-21 22:52:42'),(20,21,2,'2014-07-27 09:03:56','2011-08-01 10:57:27','2021-04-21 22:52:42'),(21,22,1,'2018-02-01 09:27:09','2017-12-25 01:07:59','2021-04-21 22:52:42'),(22,23,2,'2014-12-12 03:42:58','2015-12-05 09:15:06','2021-04-21 22:52:42'),(23,24,1,'2013-11-04 07:06:12','2016-04-26 09:20:44','2021-04-21 22:52:42'),(24,25,3,'2013-06-06 01:57:31','2018-02-12 14:37:49','2021-04-21 22:52:42'),(25,26,2,'2017-10-25 06:00:10','2020-07-11 07:59:53','2021-04-21 22:52:42'),(26,27,1,'2016-09-02 07:07:22','2013-04-14 08:02:53','2021-04-21 22:52:42'),(27,28,2,'2013-04-15 19:26:41','2019-10-08 13:55:04','2021-04-21 22:52:42'),(28,29,2,'2011-05-30 20:18:33','2011-09-10 19:07:50','2021-04-21 22:52:42'),(29,30,1,'2013-10-03 17:15:04','2012-12-19 03:27:28','2021-04-21 22:52:42'),(30,31,2,'2020-02-19 17:14:20','2018-02-18 19:43:46','2021-04-21 22:52:42'),(31,32,3,'2016-07-19 21:33:42','2021-02-16 20:16:38','2021-04-21 22:52:42'),(32,33,2,'2012-10-19 13:38:46','2020-05-17 22:49:27','2021-04-21 22:52:42'),(33,34,3,'2016-10-21 04:52:54','2018-06-26 14:43:21','2021-04-21 22:52:42'),(34,35,1,'2013-06-12 19:08:56','2016-08-14 18:19:11','2021-04-21 22:52:42'),(35,36,1,'2011-07-09 13:00:58','2016-06-09 23:17:25','2021-04-21 22:52:42'),(36,37,1,'2021-03-26 14:43:20','2015-01-15 08:18:46','2021-04-21 22:52:42'),(37,38,3,'2019-03-29 17:06:30','2015-07-13 01:12:10','2021-04-21 22:52:42'),(38,39,3,'2013-04-21 04:30:07','2016-08-17 04:20:24','2021-04-21 22:52:42'),(39,40,1,'2018-04-14 04:45:43','2020-01-29 08:10:13','2021-04-21 22:52:42'),(40,41,3,'2017-01-12 11:35:27','2019-02-15 19:17:40','2021-04-21 22:52:42'),(41,42,2,'2019-10-09 05:17:12','2017-05-05 04:19:36','2021-04-21 22:52:42'),(42,43,3,'2016-11-02 11:36:20','2021-03-20 02:59:50','2021-04-21 22:52:42'),(43,44,1,'2016-11-01 20:53:50','2017-07-29 06:26:36','2021-04-21 22:52:42'),(44,45,3,'2011-07-16 14:12:33','2017-10-13 08:05:26','2021-04-21 22:52:42'),(45,46,2,'2015-05-29 21:30:59','2019-08-29 12:28:53','2021-04-21 22:52:42'),(46,47,1,'2015-03-09 07:35:29','2017-04-19 02:43:23','2021-04-21 22:52:42'),(47,48,2,'2018-12-08 17:43:19','2014-09-06 14:57:51','2021-04-21 22:52:42'),(48,49,2,'2018-06-08 09:46:42','2019-08-03 23:21:38','2021-04-21 22:52:42'),(49,50,2,'2016-09-03 20:34:14','2011-07-20 21:00:37','2021-04-21 22:52:42'),(50,51,2,'2019-08-21 18:45:35','2016-06-16 16:06:05','2021-04-21 22:52:42'),(51,52,2,'2011-11-03 10:15:57','2017-03-02 18:41:41','2021-04-21 22:52:42'),(52,53,2,'2012-06-30 02:39:33','2012-07-03 00:04:04','2021-04-21 22:52:42'),(53,54,1,'2021-03-27 12:49:02','2011-07-15 04:22:23','2021-04-21 22:52:42'),(54,55,3,'2013-03-07 16:59:54','2012-09-13 02:21:23','2021-04-21 22:52:42'),(55,56,2,'2011-10-19 12:14:19','2018-04-21 23:09:54','2021-04-21 22:52:42'),(56,57,1,'2012-08-06 01:48:46','2011-11-22 06:56:55','2021-04-21 22:52:42'),(57,58,1,'2019-03-19 06:45:58','2020-07-12 23:44:40','2021-04-21 22:52:42'),(58,59,1,'2015-09-24 04:50:39','2017-03-17 16:38:51','2021-04-21 22:52:42'),(59,60,1,'2018-04-28 17:56:46','2012-09-12 03:41:59','2021-04-21 22:52:42'),(60,61,1,'2020-09-13 07:49:56','2011-11-03 03:35:57','2021-04-21 22:52:42'),(61,62,2,'2018-08-23 06:30:52','2014-05-22 20:06:20','2021-04-21 22:52:42'),(62,63,2,'2017-05-16 23:37:29','2017-02-10 01:50:15','2021-04-21 22:52:42'),(63,64,2,'2013-02-05 17:37:12','2015-06-17 22:50:37','2021-04-21 22:52:42'),(64,65,2,'2020-08-28 20:08:25','2011-07-14 00:42:34','2021-04-21 22:52:42'),(65,66,3,'2012-12-16 03:21:37','2012-08-12 17:45:01','2021-04-21 22:52:42'),(66,67,3,'2019-07-26 10:54:40','2021-04-16 15:57:06','2021-04-21 22:52:42'),(67,68,3,'2012-12-17 01:32:21','2020-08-04 07:25:29','2021-04-21 22:52:42'),(68,69,1,'2018-03-10 19:00:26','2011-10-04 05:03:18','2021-04-21 22:52:42'),(69,70,2,'2015-04-09 08:44:32','2014-06-04 14:50:44','2021-04-21 22:52:42'),(70,71,2,'2019-04-13 10:02:04','2015-03-06 07:13:59','2021-04-21 22:52:42'),(71,72,2,'2015-11-23 21:21:05','2014-09-29 14:52:13','2021-04-21 22:52:42'),(72,73,1,'2020-03-25 13:34:35','2020-11-08 23:26:47','2021-04-21 22:52:42'),(73,74,3,'2015-01-04 15:28:16','2013-05-30 07:02:06','2021-04-21 22:52:42'),(74,75,2,'2020-04-26 06:48:59','2019-10-28 17:55:56','2021-04-21 22:52:42'),(75,76,3,'2013-11-04 13:45:59','2018-05-29 07:31:23','2021-04-21 22:52:42'),(76,77,2,'2020-01-05 16:44:01','2016-08-12 17:17:57','2021-04-21 22:52:42'),(77,78,1,'2020-08-17 10:28:49','2018-02-05 18:21:22','2021-04-21 22:52:42'),(78,79,1,'2013-10-23 15:08:00','2020-03-15 07:43:14','2021-04-21 22:52:42'),(79,80,3,'2014-10-24 08:49:30','2018-12-16 14:08:55','2021-04-21 22:52:42'),(80,81,1,'2017-06-26 20:44:27','2012-07-17 15:05:54','2021-04-21 22:52:42'),(81,82,1,'2015-03-01 18:17:19','2014-10-21 04:52:16','2021-04-21 22:52:42'),(82,83,2,'2020-01-31 19:04:22','2016-03-07 10:51:36','2021-04-21 22:52:42'),(83,84,2,'2020-08-02 03:07:41','2018-02-17 01:43:23','2021-04-21 22:52:42'),(84,85,2,'2020-07-04 02:46:56','2011-05-12 18:27:45','2021-04-21 22:52:42'),(85,86,3,'2015-08-29 03:28:20','2011-06-02 14:03:16','2021-04-21 22:52:42'),(86,87,1,'2020-04-06 17:10:48','2020-07-29 03:08:28','2021-04-21 22:52:42'),(87,88,3,'2018-02-02 09:29:42','2011-12-14 11:37:34','2021-04-21 22:52:42'),(88,89,2,'2013-06-30 10:36:18','2020-10-04 02:18:51','2021-04-21 22:52:42'),(89,90,2,'2014-12-23 15:04:41','2013-08-30 02:33:56','2021-04-21 22:52:42'),(90,91,2,'2017-11-19 14:17:15','2012-09-13 06:01:39','2021-04-21 22:52:42'),(91,92,1,'2014-11-29 15:06:37','2017-06-24 10:26:16','2021-04-21 22:52:42'),(92,93,3,'2016-04-24 23:14:04','2011-07-16 08:11:51','2021-04-21 22:52:42'),(93,94,2,'2011-10-17 17:29:58','2014-10-13 02:57:23','2021-04-21 22:52:42'),(94,95,3,'2014-11-16 03:45:27','2011-08-05 10:42:37','2021-04-21 22:52:42'),(95,96,2,'2012-07-14 17:07:31','2013-05-06 03:22:58','2021-04-21 22:52:42'),(96,97,2,'2018-04-26 06:05:11','2011-06-24 08:21:54','2021-04-21 22:52:42'),(97,98,1,'2018-04-10 01:24:01','2020-12-12 17:22:43','2021-04-21 22:52:42'),(98,99,2,'2014-06-13 13:16:21','2017-08-07 00:45:17','2021-04-21 22:52:42'),(99,100,2,'2011-08-06 10:07:02','2020-06-14 20:40:58','2021-04-21 22:52:42'),(100,101,1,'2011-05-20 13:26:00','2017-04-04 06:43:25','2021-04-21 22:52:42');
/*!40000 ALTER TABLE `friendship` ENABLE KEYS */;
UNLOCK TABLES;

--
-- Table structure for table `friendship_statuses`
--

DROP TABLE IF EXISTS `friendship_statuses`;
/*!40101 SET @saved_cs_client     = @@character_set_client */;
/*!50503 SET character_set_client = utf8mb4 */;
CREATE TABLE `friendship_statuses` (
  `id` int unsigned NOT NULL AUTO_INCREMENT COMMENT 'Идентификатор строки',
  `name` varchar(150) CHARACTER SET utf8mb4 COLLATE utf8mb4_unicode_ci NOT NULL COMMENT 'Название статуса',
  `created_at` datetime DEFAULT CURRENT_TIMESTAMP COMMENT 'Время создания строки',
  `updated_at` datetime DEFAULT CURRENT_TIMESTAMP ON UPDATE CURRENT_TIMESTAMP COMMENT 'Время обновления строки',
  PRIMARY KEY (`id`),
  UNIQUE KEY `name` (`name`)
) ENGINE=InnoDB AUTO_INCREMENT=4 DEFAULT CHARSET=utf8mb4 COLLATE=utf8mb4_unicode_ci COMMENT='Статусы дружбы';
/*!40101 SET character_set_client = @saved_cs_client */;

--
-- Dumping data for table `friendship_statuses`
--

LOCK TABLES `friendship_statuses` WRITE;
/*!40000 ALTER TABLE `friendship_statuses` DISABLE KEYS */;
INSERT INTO `friendship_statuses` VALUES (1,'Requested','2021-04-21 22:52:38','2021-04-21 22:52:38'),(2,'Confirmed','2021-04-21 22:52:38','2021-04-21 22:52:38'),(3,'Rejected','2021-04-21 22:52:38','2021-04-21 22:52:38');
/*!40000 ALTER TABLE `friendship_statuses` ENABLE KEYS */;
UNLOCK TABLES;

--
-- Table structure for table `media`
--

DROP TABLE IF EXISTS `media`;
/*!40101 SET @saved_cs_client     = @@character_set_client */;
/*!50503 SET character_set_client = utf8mb4 */;
CREATE TABLE `media` (
  `id` int unsigned NOT NULL AUTO_INCREMENT COMMENT 'Идентификатор строки',
  `user_id` int unsigned NOT NULL COMMENT 'Ссылка на пользователя, который загрузил файл',
  `filename` varchar(255) CHARACTER SET utf8mb4 COLLATE utf8mb4_unicode_ci NOT NULL COMMENT 'Путь к файлу',
  `size` int NOT NULL COMMENT 'Размер файла',
  `metadata` json DEFAULT NULL,
  `media_type_id` int unsigned NOT NULL COMMENT 'Ссылка на тип контента',
  `created_at` datetime DEFAULT CURRENT_TIMESTAMP COMMENT 'Время создания строки',
  `updated_at` datetime DEFAULT CURRENT_TIMESTAMP ON UPDATE CURRENT_TIMESTAMP COMMENT 'Время обновления строки',
  PRIMARY KEY (`id`),
  CONSTRAINT `media_chk_1` CHECK (json_valid(`metadata`))
) ENGINE=InnoDB AUTO_INCREMENT=101 DEFAULT CHARSET=utf8mb4 COLLATE=utf8mb4_unicode_ci COMMENT='Медиафайлы';
/*!40101 SET character_set_client = @saved_cs_client */;

--
-- Dumping data for table `media`
--

LOCK TABLES `media` WRITE;
/*!40000 ALTER TABLE `media` DISABLE KEYS */;
INSERT INTO `media` VALUES (1,17,'http://dropbox.net/vk/reprehenderit.avi',897104930,'{\"owner\": \"Ashtyn Weber\"}',1,'2019-08-03 15:38:17','2021-04-21 22:50:49'),(2,48,'http://dropbox.net/vk/architecto.mp3',3928,'{\"owner\": \"Darby Bartell\"}',1,'2020-05-02 01:50:44','2021-04-21 22:51:24'),(3,87,'http://dropbox.net/vk/officiis.png',379886,'{\"owner\": \"Alisha Rogahn\"}',3,'2014-05-19 12:51:18','2021-04-21 22:50:49'),(4,92,'http://dropbox.net/vk/dicta.jpeg',326445749,'{\"owner\": \"Camryn Davis\"}',2,'2013-10-31 14:02:36','2021-04-21 22:51:24'),(5,99,'http://dropbox.net/vk/aut.mp3',9652044,'{\"owner\": \"Juliet Mosciski\"}',3,'2013-03-30 16:04:20','2021-04-21 22:51:24'),(6,17,'http://dropbox.net/vk/dignissimos.png',5284705,'{\"owner\": \"Ashtyn Weber\"}',3,'2016-09-26 12:37:28','2021-04-21 22:50:49'),(7,89,'http://dropbox.net/vk/odit.mp4',839151,'{\"owner\": \"Stefan Zulauf\"}',2,'2017-02-06 10:59:01','2021-04-21 22:51:24'),(8,93,'http://dropbox.net/vk/veritatis.jpeg',7821,'{\"owner\": \"Cruz Yost\"}',1,'2017-02-22 01:24:10','2021-04-21 22:51:24'),(9,99,'http://dropbox.net/vk/aut.mp4',50448,'{\"owner\": \"Juliet Mosciski\"}',2,'2011-08-22 13:10:56','2021-04-21 22:51:24'),(10,14,'http://dropbox.net/vk/in.jpeg',46098,'{\"owner\": \"Mossie Daugherty\"}',1,'2012-04-13 17:33:39','2021-04-21 22:50:49'),(11,71,'http://dropbox.net/vk/ullam.jpeg',703036,'{\"owner\": \"Skyla Fisher\"}',2,'2012-04-13 22:57:14','2021-04-21 22:50:49'),(12,13,'http://dropbox.net/vk/non.jpeg',366890,'{\"owner\": \"Taurean Bode\"}',3,'2014-11-26 23:15:02','2021-04-21 22:50:49'),(13,51,'http://dropbox.net/vk/non.png',841562963,'{\"owner\": \"Vilma Mohr\"}',3,'2012-05-16 03:31:28','2021-04-21 22:51:24'),(14,15,'http://dropbox.net/vk/est.mp3',715339,'{\"owner\": \"Carmine Heller\"}',3,'2021-01-11 06:59:16','2021-04-21 22:51:24'),(15,22,'http://dropbox.net/vk/accusantium.mp4',466028,'{\"owner\": \"Hertha Stoltenberg\"}',1,'2021-04-01 23:32:19','2021-04-21 22:51:24'),(16,63,'http://dropbox.net/vk/molestiae.jpeg',5342,'{\"owner\": \"Albin Kertzmann\"}',2,'2016-01-08 18:17:15','2021-04-21 22:51:24'),(17,49,'http://dropbox.net/vk/eos.jpeg',31976,'{\"owner\": \"Nina Murazik\"}',3,'2015-08-26 20:47:34','2021-04-21 22:51:24'),(18,56,'http://dropbox.net/vk/eius.mp4',68369877,'{\"owner\": \"Lurline Medhurst\"}',3,'2019-01-26 11:45:33','2021-04-21 22:50:49'),(19,34,'http://dropbox.net/vk/voluptatum.mp3',174124,'{\"owner\": \"Ephraim Hansen\"}',1,'2016-02-16 02:38:04','2021-04-21 22:50:49'),(20,100,'http://dropbox.net/vk/minima.jpeg',462536,'{\"owner\": \"Leanne Murphy\"}',1,'2015-01-22 08:24:46','2021-04-21 22:51:24'),(21,99,'http://dropbox.net/vk/sit.jpeg',5491914,'{\"owner\": \"Juliet Mosciski\"}',2,'2015-04-11 22:26:15','2021-04-21 22:51:24'),(22,95,'http://dropbox.net/vk/non.jpeg',780309,'{\"owner\": \"Wilfrid Nader\"}',1,'2013-11-24 00:46:40','2021-04-21 22:50:49'),(23,78,'http://dropbox.net/vk/fugit.png',503937,'{\"owner\": \"Hazle Olson\"}',1,'2012-04-26 06:18:16','2021-04-21 22:51:24'),(24,1,'http://dropbox.net/vk/voluptates.jpeg',168756,'{\"owner\": \"Ruth Emard\"}',2,'2014-07-25 16:57:03','2021-04-21 22:51:24'),(25,74,'http://dropbox.net/vk/quas.mp4',321973,'{\"owner\": \"Concepcion Bernhard\"}',2,'2012-02-10 00:41:39','2021-04-21 22:51:24'),(26,65,'http://dropbox.net/vk/quae.mp3',765749,'{\"owner\": \"Adrianna Kub\"}',3,'2016-01-19 01:52:42','2021-04-21 22:51:24'),(27,4,'http://dropbox.net/vk/ut.png',93597,'{\"owner\": \"Madalyn Kris\"}',3,'2012-02-25 12:19:51','2021-04-21 22:50:49'),(28,24,'http://dropbox.net/vk/tenetur.mp3',492066,'{\"owner\": \"Verla Labadie\"}',2,'2015-01-29 17:00:37','2021-04-21 22:51:24'),(29,8,'http://dropbox.net/vk/pariatur.mp4',169538,'{\"owner\": \"Ezekiel Champlin\"}',2,'2017-03-13 07:47:06','2021-04-21 22:50:49'),(30,65,'http://dropbox.net/vk/iusto.mp3',9104,'{\"owner\": \"Adrianna Kub\"}',2,'2018-10-14 02:43:00','2021-04-21 22:51:24'),(31,3,'http://dropbox.net/vk/repudiandae.png',25832,'{\"owner\": \"Griffin Metz\"}',1,'2015-03-27 16:04:58','2021-04-21 22:50:49'),(32,17,'http://dropbox.net/vk/et.mp3',361493,'{\"owner\": \"Ashtyn Weber\"}',2,'2017-03-20 13:44:17','2021-04-21 22:50:49'),(33,76,'http://dropbox.net/vk/iusto.png',288851,'{\"owner\": \"Corene Kovacek\"}',1,'2014-07-03 18:54:21','2021-04-21 22:51:24'),(34,30,'http://dropbox.net/vk/aut.png',349777,'{\"owner\": \"Myles Gerlach\"}',1,'2014-12-23 18:28:05','2021-04-21 22:50:49'),(35,21,'http://dropbox.net/vk/a.png',872334,'{\"owner\": \"Dax Kuhic\"}',2,'2018-02-05 11:34:43','2021-04-21 22:50:49'),(36,13,'http://dropbox.net/vk/atque.mp3',462186526,'{\"owner\": \"Taurean Bode\"}',3,'2012-12-04 15:20:12','2021-04-21 22:50:49'),(37,2,'http://dropbox.net/vk/ut.png',63662403,'{\"owner\": \"London Torp\"}',2,'2013-08-30 15:24:50','2021-04-21 22:51:24'),(38,72,'http://dropbox.net/vk/nihil.mp4',535220,'{\"owner\": \"Immanuel Beatty\"}',2,'2019-11-23 03:06:51','2021-04-21 22:50:49'),(39,51,'http://dropbox.net/vk/quam.png',1947,'{\"owner\": \"Vilma Mohr\"}',2,'2012-01-01 04:53:55','2021-04-21 22:51:24'),(40,42,'http://dropbox.net/vk/perferendis.jpeg',302337,'{\"owner\": \"Madaline Bartell\"}',2,'2014-03-14 13:58:21','2021-04-21 22:51:24'),(41,54,'http://dropbox.net/vk/iste.avi',884686,'{\"owner\": \"Cortez Wiza\"}',1,'2020-08-28 11:25:06','2021-04-21 22:51:24'),(42,43,'http://dropbox.net/vk/non.png',506419,'{\"owner\": \"Julie Sawayn\"}',2,'2020-05-03 23:34:25','2021-04-21 22:51:24'),(43,51,'http://dropbox.net/vk/odio.mp4',868036,'{\"owner\": \"Vilma Mohr\"}',1,'2019-06-15 23:24:42','2021-04-21 22:50:49'),(44,28,'http://dropbox.net/vk/repellendus.mp3',10002,'{\"owner\": \"Kaycee Bednar\"}',2,'2017-01-11 01:48:30','2021-04-21 22:50:49'),(45,87,'http://dropbox.net/vk/voluptatem.jpeg',9525427,'{\"owner\": \"Alisha Rogahn\"}',2,'2018-02-27 02:25:19','2021-04-21 22:51:24'),(46,48,'http://dropbox.net/vk/deserunt.mp4',12845307,'{\"owner\": \"Darby Bartell\"}',2,'2016-09-09 16:12:14','2021-04-21 22:51:24'),(47,79,'http://dropbox.net/vk/ut.mp3',563635,'{\"owner\": \"Gabrielle Leannon\"}',1,'2014-10-15 11:08:53','2021-04-21 22:51:24'),(48,49,'http://dropbox.net/vk/et.mp4',810926,'{\"owner\": \"Nina Murazik\"}',3,'2012-05-20 12:13:28','2021-04-21 22:50:49'),(49,10,'http://dropbox.net/vk/ipsam.avi',440523,'{\"owner\": \"Lora Zboncak\"}',3,'2011-11-06 04:12:19','2021-04-21 22:51:24'),(50,3,'http://dropbox.net/vk/quia.mp4',2897,'{\"owner\": \"Griffin Metz\"}',3,'2019-10-12 00:18:08','2021-04-21 22:51:24'),(51,82,'http://dropbox.net/vk/soluta.mp3',759839,'{\"owner\": \"Derek Huels\"}',3,'2016-08-19 05:03:05','2021-04-21 22:50:49'),(52,4,'http://dropbox.net/vk/harum.mp4',255633,'{\"owner\": \"Madalyn Kris\"}',3,'2021-01-24 02:21:43','2021-04-21 22:51:24'),(53,71,'http://dropbox.net/vk/libero.mp4',467623,'{\"owner\": \"Skyla Fisher\"}',1,'2016-01-28 23:39:34','2021-04-21 22:51:24'),(54,42,'http://dropbox.net/vk/nisi.mp3',3247475,'{\"owner\": \"Madaline Bartell\"}',1,'2016-01-07 17:29:23','2021-04-21 22:51:24'),(55,97,'http://dropbox.net/vk/error.mp3',544728564,'{\"owner\": \"Edyth Erdman\"}',3,'2012-03-05 10:35:53','2021-04-21 22:51:24'),(56,60,'http://dropbox.net/vk/quaerat.mp3',48599,'{\"owner\": \"Nikko Schamberger\"}',2,'2017-01-04 07:06:45','2021-04-21 22:50:49'),(57,9,'http://dropbox.net/vk/quam.jpeg',830128,'{\"owner\": \"Kenya Herzog\"}',2,'2012-07-25 02:03:23','2021-04-21 22:51:24'),(58,63,'http://dropbox.net/vk/quas.mp3',994842,'{\"owner\": \"Albin Kertzmann\"}',2,'2020-06-04 12:16:32','2021-04-21 22:51:24'),(59,86,'http://dropbox.net/vk/ut.jpeg',473828,'{\"owner\": \"Morgan McCullough\"}',3,'2020-11-30 00:48:11','2021-04-21 22:51:24'),(60,44,'http://dropbox.net/vk/ea.mp4',374612,'{\"owner\": \"Freida Lemke\"}',2,'2021-02-10 03:41:06','2021-04-21 22:51:24'),(61,58,'http://dropbox.net/vk/veritatis.avi',441577,'{\"owner\": \"Maximus DuBuque\"}',2,'2016-09-10 04:03:08','2021-04-21 22:51:24'),(62,61,'http://dropbox.net/vk/sed.jpeg',6408,'{\"owner\": \"Sarai Bernhard\"}',3,'2018-10-09 10:36:00','2021-04-21 22:51:24'),(63,28,'http://dropbox.net/vk/facilis.mp3',74050,'{\"owner\": \"Kaycee Bednar\"}',2,'2011-04-22 02:53:40','2021-04-21 22:51:24'),(64,57,'http://dropbox.net/vk/fugiat.mp3',91901,'{\"owner\": \"Amya DuBuque\"}',3,'2020-01-14 08:59:30','2021-04-21 22:51:24'),(65,1,'http://dropbox.net/vk/quas.mp3',77793969,'{\"owner\": \"Ruth Emard\"}',2,'2012-06-19 00:35:23','2021-04-21 22:50:49'),(66,35,'http://dropbox.net/vk/sed.avi',69311550,'{\"owner\": \"Narciso Bednar\"}',3,'2012-10-02 07:45:11','2021-04-21 22:50:49'),(67,70,'http://dropbox.net/vk/et.avi',35521,'{\"owner\": \"Claudine Turcotte\"}',3,'2011-07-06 18:31:07','2021-04-21 22:51:24'),(68,43,'http://dropbox.net/vk/reprehenderit.mp4',9731,'{\"owner\": \"Julie Sawayn\"}',1,'2016-07-26 23:12:39','2021-04-21 22:51:24'),(69,8,'http://dropbox.net/vk/consequatur.avi',945453,'{\"owner\": \"Ezekiel Champlin\"}',3,'2017-12-09 11:09:42','2021-04-21 22:50:49'),(70,8,'http://dropbox.net/vk/excepturi.mp4',43419015,'{\"owner\": \"Ezekiel Champlin\"}',2,'2020-09-22 01:13:37','2021-04-21 22:51:24'),(71,15,'http://dropbox.net/vk/sunt.mp4',610706,'{\"owner\": \"Carmine Heller\"}',2,'2018-03-23 04:07:08','2021-04-21 22:50:49'),(72,50,'http://dropbox.net/vk/iste.avi',78087,'{\"owner\": \"Margie Rolfson\"}',3,'2018-09-22 22:42:58','2021-04-21 22:50:49'),(73,6,'http://dropbox.net/vk/asperiores.jpeg',207168,'{\"owner\": \"Timmothy Johns\"}',1,'2020-07-12 16:03:39','2021-04-21 22:50:49'),(74,81,'http://dropbox.net/vk/cupiditate.mp4',193724,'{\"owner\": \"Raymundo Stehr\"}',1,'2016-05-09 13:46:50','2021-04-21 22:51:24'),(75,85,'http://dropbox.net/vk/quisquam.mp3',111066,'{\"owner\": \"Armani Turner\"}',1,'2019-08-01 01:11:13','2021-04-21 22:51:24'),(76,82,'http://dropbox.net/vk/vel.avi',23846092,'{\"owner\": \"Derek Huels\"}',1,'2019-12-18 20:22:53','2021-04-21 22:50:49'),(77,54,'http://dropbox.net/vk/minus.png',4022,'{\"owner\": \"Cortez Wiza\"}',3,'2019-06-18 06:34:06','2021-04-21 22:51:24'),(78,22,'http://dropbox.net/vk/laudantium.mp4',337118,'{\"owner\": \"Hertha Stoltenberg\"}',3,'2019-06-11 15:13:14','2021-04-21 22:50:49'),(79,48,'http://dropbox.net/vk/laudantium.png',80361,'{\"owner\": \"Darby Bartell\"}',1,'2019-09-03 13:30:26','2021-04-21 22:50:49'),(80,74,'http://dropbox.net/vk/similique.png',4920813,'{\"owner\": \"Concepcion Bernhard\"}',1,'2019-10-29 23:27:59','2021-04-21 22:51:24'),(81,24,'http://dropbox.net/vk/aut.png',607800937,'{\"owner\": \"Verla Labadie\"}',3,'2013-09-07 01:09:01','2021-04-21 22:50:49'),(82,99,'http://dropbox.net/vk/fugit.jpeg',6352,'{\"owner\": \"Juliet Mosciski\"}',2,'2013-09-08 00:38:01','2021-04-21 22:51:24'),(83,24,'http://dropbox.net/vk/et.png',2254241,'{\"owner\": \"Verla Labadie\"}',1,'2017-05-23 02:27:11','2021-04-21 22:51:24'),(84,22,'http://dropbox.net/vk/nobis.jpeg',94418,'{\"owner\": \"Hertha Stoltenberg\"}',2,'2011-11-26 09:29:03','2021-04-21 22:51:24'),(85,37,'http://dropbox.net/vk/ratione.mp4',46540651,'{\"owner\": \"Eliane Sawayn\"}',3,'2018-03-27 22:24:25','2021-04-21 22:51:24'),(86,17,'http://dropbox.net/vk/magni.mp3',450737,'{\"owner\": \"Ashtyn Weber\"}',2,'2011-11-26 19:21:58','2021-04-21 22:50:49'),(87,73,'http://dropbox.net/vk/omnis.jpeg',222556,'{\"owner\": \"Kathleen Smith\"}',3,'2018-10-21 21:13:57','2021-04-21 22:50:49'),(88,16,'http://dropbox.net/vk/possimus.mp4',35103,'{\"owner\": \"Orlando Halvorson\"}',3,'2018-11-05 14:52:49','2021-04-21 22:51:24'),(89,58,'http://dropbox.net/vk/quasi.png',24023,'{\"owner\": \"Maximus DuBuque\"}',1,'2012-01-09 00:12:11','2021-04-21 22:51:24'),(90,42,'http://dropbox.net/vk/qui.mp3',408375,'{\"owner\": \"Madaline Bartell\"}',2,'2019-02-09 15:05:12','2021-04-21 22:51:24'),(91,37,'http://dropbox.net/vk/ea.jpeg',9407595,'{\"owner\": \"Eliane Sawayn\"}',1,'2019-11-19 08:57:41','2021-04-21 22:50:49'),(92,58,'http://dropbox.net/vk/ipsam.avi',675645,'{\"owner\": \"Maximus DuBuque\"}',2,'2017-03-12 11:06:33','2021-04-21 22:50:49'),(93,77,'http://dropbox.net/vk/voluptates.avi',952223889,'{\"owner\": \"Irma Hartmann\"}',1,'2015-08-04 03:38:43','2021-04-21 22:51:24'),(94,13,'http://dropbox.net/vk/dolore.avi',182542020,'{\"owner\": \"Taurean Bode\"}',1,'2015-02-16 02:34:40','2021-04-21 22:50:49'),(95,33,'http://dropbox.net/vk/at.png',960431,'{\"owner\": \"Katherine Hudson\"}',3,'2018-05-24 02:40:12','2021-04-21 22:51:24'),(96,26,'http://dropbox.net/vk/unde.png',70940,'{\"owner\": \"Aiyana Nitzsche\"}',3,'2015-01-14 01:25:40','2021-04-21 22:50:49'),(97,29,'http://dropbox.net/vk/non.png',35206,'{\"owner\": \"Justyn Willms\"}',2,'2019-01-26 08:48:23','2021-04-21 22:51:24'),(98,66,'http://dropbox.net/vk/voluptas.mp4',439946,'{\"owner\": \"Austyn Kiehn\"}',3,'2011-09-26 12:43:13','2021-04-21 22:51:24'),(99,44,'http://dropbox.net/vk/voluptatum.jpeg',308435,'{\"owner\": \"Freida Lemke\"}',2,'2012-01-26 20:31:26','2021-04-21 22:51:24'),(100,22,'http://dropbox.net/vk/quia.png',36061,'{\"owner\": \"Hertha Stoltenberg\"}',1,'2019-06-26 17:27:09','2021-04-21 22:50:49');
/*!40000 ALTER TABLE `media` ENABLE KEYS */;
UNLOCK TABLES;

--
-- Table structure for table `media_types`
--

DROP TABLE IF EXISTS `media_types`;
/*!40101 SET @saved_cs_client     = @@character_set_client */;
/*!50503 SET character_set_client = utf8mb4 */;
CREATE TABLE `media_types` (
  `id` int unsigned NOT NULL AUTO_INCREMENT COMMENT 'Идентификатор строки',
  `name` varchar(255) CHARACTER SET utf8mb4 COLLATE utf8mb4_unicode_ci NOT NULL COMMENT 'Название типа',
  `created_at` datetime DEFAULT CURRENT_TIMESTAMP COMMENT 'Время создания строки',
  `updated_at` datetime DEFAULT CURRENT_TIMESTAMP ON UPDATE CURRENT_TIMESTAMP COMMENT 'Время обновления строки',
  PRIMARY KEY (`id`),
  UNIQUE KEY `name` (`name`)
) ENGINE=InnoDB DEFAULT CHARSET=utf8mb4 COLLATE=utf8mb4_unicode_ci COMMENT='Типы медиафайлов';
/*!40101 SET character_set_client = @saved_cs_client */;

--
-- Dumping data for table `media_types`
--

LOCK TABLES `media_types` WRITE;
/*!40000 ALTER TABLE `media_types` DISABLE KEYS */;
/*!40000 ALTER TABLE `media_types` ENABLE KEYS */;
UNLOCK TABLES;

--
-- Table structure for table `messages`
--

DROP TABLE IF EXISTS `messages`;
/*!40101 SET @saved_cs_client     = @@character_set_client */;
/*!50503 SET character_set_client = utf8mb4 */;
CREATE TABLE `messages` (
  `id` int unsigned NOT NULL AUTO_INCREMENT COMMENT 'Идентификатор строки',
  `from_user_id` int unsigned NOT NULL COMMENT 'Ссылка на отправителя сообщения',
  `to_user_id` int unsigned NOT NULL COMMENT 'Ссылка на получателя сообщения',
  `body` text CHARACTER SET utf8mb4 COLLATE utf8mb4_unicode_ci NOT NULL COMMENT 'Текст сообщения',
  `is_important` tinyint(1) DEFAULT NULL COMMENT 'Признак важности',
  `is_delivered` tinyint(1) DEFAULT NULL COMMENT 'Признак доставки',
  `created_at` datetime DEFAULT CURRENT_TIMESTAMP COMMENT 'Время создания строки',
  PRIMARY KEY (`id`)
) ENGINE=InnoDB AUTO_INCREMENT=101 DEFAULT CHARSET=utf8mb4 COLLATE=utf8mb4_unicode_ci COMMENT='Сообщения';
/*!40101 SET character_set_client = @saved_cs_client */;

--
-- Dumping data for table `messages`
--

LOCK TABLES `messages` WRITE;
/*!40000 ALTER TABLE `messages` DISABLE KEYS */;
INSERT INTO `messages` VALUES (1,46,58,'Eaque labore tempora delectus ut quas illum omnis aspernatur. Harum quia alias debitis nobis molestiae sit quia. Corrupti praesentium harum velit et.',0,0,'2019-12-15 17:30:59'),(2,49,73,'Adipisci a necessitatibus nam accusantium voluptate excepturi. Voluptatem corporis praesentium quia optio. Nihil quo quod enim culpa eum.',0,1,'1990-02-05 04:53:10'),(3,16,60,'Rerum assumenda iusto nisi sint. Ipsum repudiandae veritatis perspiciatis nesciunt. Aliquam odio ut ab. Ipsum et in nesciunt. Eum omnis repellat velit cum sint dolor.',0,1,'1997-04-21 07:53:13'),(4,51,74,'Voluptatem amet aliquid quidem asperiores nihil voluptatem tempore. Nulla officiis accusantium omnis laudantium quasi. Soluta molestias quae possimus odio possimus est voluptatum.',1,0,'2004-04-19 03:38:28'),(5,19,72,'Et nihil perferendis ea voluptatum occaecati aut quia omnis. Reiciendis delectus at unde esse commodi quisquam soluta laboriosam. Qui sunt cupiditate voluptas odio et repellendus. Exercitationem consequatur rerum aut velit qui magnam quis libero. Velit corrupti vitae incidunt molestias quos.',0,0,'1982-03-06 08:58:12'),(6,100,86,'Incidunt a consequatur magnam reiciendis illo qui nulla voluptas. Animi amet accusamus repellendus adipisci ipsam quos. Molestiae nobis omnis quas impedit suscipit iure.',0,0,'2019-03-06 13:22:38'),(7,30,93,'Quia est natus consequatur repellat corrupti sint assumenda. Aut ut ut est modi expedita provident sequi. Praesentium tenetur fugiat eum cumque accusamus sit.',1,1,'2002-09-07 17:22:29'),(8,71,79,'Qui ut et velit dolorem. Possimus molestiae et ut corrupti eos. Soluta praesentium id aut aliquid perspiciatis et. Vel tempore autem qui.',0,1,'2010-01-18 20:24:54'),(9,80,61,'Doloribus qui et ipsam et est qui magnam. Dignissimos qui facere iusto provident. Omnis delectus modi modi voluptatum tempora dolores. Impedit ea voluptatum ut consequatur est nihil perferendis. Enim officiis aliquam excepturi itaque.',1,0,'1982-01-21 05:39:53'),(10,66,47,'Laboriosam molestiae corrupti saepe corrupti. Eos est minima tenetur atque veritatis atque voluptate. Nulla officia et nobis in ratione. Et tenetur accusantium molestiae sed delectus illo.',0,0,'1986-05-25 01:09:23'),(11,37,42,'Voluptas facilis rerum dolor dolor ipsa voluptate aut. Delectus autem in voluptatem delectus non neque saepe quaerat. Veritatis sequi fuga repellendus dolore.',0,1,'1979-02-24 03:01:26'),(12,1,76,'Voluptatibus commodi enim ipsa maiores nemo quis. Aut dolorem sed reprehenderit autem repellendus libero. Omnis et nisi aut labore voluptatum est. Quo aspernatur incidunt sit nam non.',0,0,'1986-07-10 10:41:53'),(13,79,64,'Aut mollitia consectetur rem est consequatur inventore. Eum non id voluptatem accusantium eos consequatur. Mollitia consectetur doloribus necessitatibus mollitia unde voluptates voluptatem.',0,1,'2000-07-31 03:53:39'),(14,85,33,'Quis voluptatem asperiores corporis iusto incidunt. Inventore omnis aut nobis est laborum ut. Non velit dolorum non deserunt.',0,1,'2016-06-23 15:48:41'),(15,9,43,'Vero soluta cupiditate sint sequi quod molestias et. Eligendi laborum quos quis et accusamus incidunt quo. Eum dolores praesentium cumque et reiciendis tempora voluptate nam. Sunt soluta nisi maxime dolorem at quis molestiae.',1,1,'1998-07-10 15:02:18'),(16,91,22,'Fugiat reiciendis corporis commodi. Et ea provident ratione id eveniet ut numquam. Placeat maxime laboriosam quasi assumenda et et aperiam consequatur.',1,0,'1987-08-06 05:43:03'),(17,39,29,'Perspiciatis asperiores officia dolore debitis commodi. Quas omnis consectetur voluptatem sunt minima laudantium. Eum ut cumque et numquam veniam quia aut. Possimus et totam amet similique.',0,1,'2004-05-30 07:40:51'),(18,26,43,'Facere voluptatibus dolores facilis. Recusandae sit corrupti unde quo deserunt perferendis ipsa. Vel corrupti ut quidem nulla libero consequuntur ut. Iste exercitationem sed qui et id quo magnam.',0,1,'2002-01-17 02:02:57'),(19,35,45,'Deleniti nulla tenetur maiores ipsum ut consectetur odio. Dolor provident aut harum magni est exercitationem. Rerum consequatur porro ipsam odit et illo blanditiis. Autem at quo quis et mollitia.',0,0,'2000-03-10 08:39:51'),(20,20,63,'Consequatur natus iusto maxime minima. Eos eligendi esse eum et. Nihil et quia quidem eos at saepe suscipit nam.',0,1,'1977-09-20 01:29:57'),(21,55,85,'Aut voluptatum voluptas quos velit id sequi dolorem. Quas accusamus porro qui qui est repudiandae quo. Eaque quidem earum tenetur autem maiores omnis sapiente nihil. Voluptates quis alias quo. Voluptatem ipsam commodi ipsum omnis laudantium non eos.',0,1,'1985-05-08 02:48:23'),(22,60,46,'Vel maiores rerum ut quia ullam amet molestiae. Blanditiis qui placeat debitis corporis. Maxime eos et qui dicta.',1,0,'1987-02-06 19:28:27'),(23,50,11,'Voluptates ipsa corrupti odit occaecati delectus. Rerum sed eum eos vel soluta debitis qui. Consequatur quis quidem sint aut. Eius quibusdam corporis esse.',1,0,'1997-03-27 17:47:27'),(24,6,95,'Perspiciatis aut temporibus qui in necessitatibus adipisci vel et. Placeat ab nihil voluptas omnis dolor quis. Ratione omnis ratione iure itaque aspernatur molestiae.',0,1,'1987-01-29 11:31:59'),(25,58,4,'Qui eos voluptate sed similique rerum excepturi et. Dolor laudantium possimus deserunt atque necessitatibus.',1,0,'1993-09-27 02:10:49'),(26,43,6,'Similique nemo quisquam eligendi ducimus pariatur temporibus debitis. At maiores eligendi qui. Natus inventore maxime non pariatur suscipit in. Aut voluptatem porro repudiandae sit ab.',1,1,'2015-02-23 13:18:17'),(27,98,70,'Sint minus odit dolores facilis eligendi ratione deserunt sunt. Ea ea excepturi deserunt neque.',1,1,'2018-04-06 19:23:08'),(28,59,84,'Architecto veritatis aut at ad similique qui. Praesentium accusamus adipisci velit tempore. Sit rerum voluptatem quam occaecati ut quas. Et est non totam quo adipisci.',1,0,'2017-04-03 10:33:16'),(29,42,56,'Quam vel id veniam alias. Qui doloribus neque voluptatem odit incidunt. Maiores blanditiis qui facilis quidem ut provident tempore. Dolorem ut ut dolores natus doloribus eos unde.',0,1,'1996-06-15 11:14:13'),(30,57,13,'Iure alias officiis vero distinctio. Et animi soluta id tenetur ut optio. Voluptatibus dolor tempore fugiat eius.',0,0,'1976-12-20 22:02:58'),(31,96,39,'Non aliquid consequatur sapiente sint cum. Hic officia sequi beatae quasi aut totam velit. Voluptas minus vitae qui eos quos laudantium sunt.',1,1,'1984-03-10 11:18:30'),(32,5,8,'Natus reiciendis aspernatur tempore et quia. Numquam et fuga magnam architecto. Consequatur ducimus consequatur ea quis.',0,1,'1982-10-05 16:48:32'),(33,25,2,'Explicabo inventore qui odio voluptatem libero animi deleniti. Perferendis qui odio ullam facere dolorem ut. Amet ea dolorem error qui.',1,1,'1974-10-07 13:58:57'),(34,35,65,'Fugiat omnis ullam rem aut dolore sit illo. Et voluptas rerum eum nihil. Ad placeat doloremque doloremque perspiciatis. Et perferendis et quis qui animi.',0,0,'1991-09-20 22:22:01'),(35,23,18,'Ab nihil magni dignissimos nihil et. Ducimus nam consequatur eos error. Rem voluptas sint veritatis. Ut dignissimos deserunt et facilis quas reprehenderit quos molestias.',1,0,'1992-07-25 23:04:20'),(36,22,54,'Natus doloremque voluptates ab aut non impedit saepe. Non asperiores non nobis qui ex repellendus. Facilis alias eius odit est officia atque nihil.',0,0,'1983-06-22 03:30:36'),(37,3,52,'Animi quasi ut voluptas itaque. Sunt cum et enim. Magni veritatis voluptas qui atque doloribus et. Consequuntur et vel expedita impedit quibusdam pariatur doloremque quisquam.',0,1,'2018-05-26 19:39:40'),(38,49,92,'Nam earum neque fugiat unde consequatur. Deleniti ut tempora molestias ut voluptatem cum. Id quasi incidunt porro fugit fugiat. Sed cupiditate officiis architecto et qui odit.',0,1,'2017-10-05 09:10:12'),(39,9,72,'Id repellendus minima eum sunt veniam. Veritatis eos omnis aut eveniet recusandae incidunt. Quia est magnam iusto inventore.',1,0,'1983-12-29 23:11:00'),(40,31,39,'Consequatur voluptatum repudiandae quas sunt repellat. Eum nulla qui harum repudiandae. Mollitia cum fugit sed dolore tempore.',1,1,'1972-08-26 23:26:48'),(41,3,96,'Dolores ullam amet molestiae fugit est suscipit earum. Ad repellendus aut veniam debitis tenetur consequatur ducimus adipisci. Recusandae perferendis nostrum ex distinctio fugiat labore magnam soluta. Nobis quia soluta sint. Ut architecto odio aliquid quasi et earum.',1,1,'1994-09-08 14:53:05'),(42,69,58,'Autem officiis nihil aut eius optio. Porro autem molestiae consequatur ullam fugiat et. Omnis voluptates dolorem est est non repudiandae. Enim quaerat ex velit modi aliquid.',1,0,'1989-12-06 07:07:16'),(43,82,34,'Dolor non incidunt iure a accusantium et aut expedita. Voluptas modi nam rerum repellendus laborum quisquam aut. Veritatis quia dolore neque. Quam optio consequuntur et et non.',1,1,'2000-01-31 09:14:49'),(44,25,21,'Aliquam adipisci qui accusantium accusantium. Quisquam aut et eos sed nihil. Autem eaque eveniet ut eligendi at quis quam. Architecto voluptates nesciunt laudantium magnam distinctio a. Expedita architecto autem esse ut laboriosam qui.',0,0,'1996-12-21 22:25:55'),(45,31,91,'Aperiam cum voluptas architecto ut. Hic aperiam cum ut suscipit quo. Eum qui et quasi eum sit ut tenetur. Impedit accusamus iusto enim nesciunt laborum illum.',0,0,'2000-05-01 15:19:42'),(46,61,31,'Laborum ullam blanditiis esse et debitis architecto nemo. Dolores saepe qui hic autem voluptatibus.',0,1,'2005-10-12 23:53:41'),(47,73,70,'Molestias iste occaecati magnam et. Ratione rerum voluptatum corrupti totam id id ut placeat. Aspernatur porro corporis dolorem omnis.',0,1,'2012-09-06 09:09:16'),(48,31,43,'Ratione corrupti qui nobis quia nobis similique deleniti. Ipsum voluptatem ea rerum laudantium optio. Officia et ipsum vitae nihil minus iusto esse sed. In autem delectus sed deleniti sint.',0,1,'2007-03-30 19:27:31'),(49,22,80,'Facilis ratione at ullam nam necessitatibus sit. Delectus dolor sit repellat assumenda debitis.',0,0,'1984-01-13 19:59:42'),(50,34,30,'Beatae neque totam asperiores voluptatem. Velit pariatur repellat quas sapiente molestiae at animi natus. Ut laborum eaque ullam adipisci.',1,1,'1970-06-06 01:29:36'),(51,47,44,'Esse quia eum occaecati quia sed. Id a quaerat nesciunt et quo. Eos ut laborum laboriosam id mollitia qui.',1,1,'1974-10-04 19:15:29'),(52,80,65,'Totam quia sit vel ut qui. Doloremque dolorum ex rerum id ut. Recusandae quaerat omnis sit at et. Expedita dicta consequatur ad soluta molestiae aut dolorum.',0,0,'1980-11-09 08:34:18'),(53,84,26,'Accusantium porro aut enim qui et molestiae et. Officiis omnis exercitationem incidunt saepe eum velit ea. Neque et ea qui. Harum aut exercitationem temporibus assumenda quia.',1,1,'2013-07-16 15:26:54'),(54,79,16,'Voluptas velit expedita est quo ducimus. Ipsa at distinctio neque modi. Sed ducimus aliquam laboriosam nemo suscipit totam sint. Earum pariatur veniam odit et quis.',0,0,'1992-09-27 09:19:20'),(55,42,63,'Dolores quasi quam omnis sint. Sed in quia voluptatum. Nisi accusantium omnis alias ad cum sint voluptatem.',0,0,'1988-07-10 03:04:31'),(56,89,52,'Vel vitae qui quam sunt. Eius dolore alias quia quo vitae. In voluptatem sit nulla iste.',1,0,'1988-10-05 18:40:50'),(57,96,23,'Reprehenderit rerum maxime quia voluptatum ducimus quasi sunt. Eligendi sit placeat minima qui soluta suscipit. Omnis sunt consectetur qui ex vel. Impedit magnam quia qui aut amet hic.',1,1,'1996-03-22 18:13:23'),(58,27,63,'Ea est quos provident necessitatibus sunt. Aspernatur odio voluptate rem reprehenderit numquam consectetur et. Voluptates quibusdam rerum optio.',1,1,'1990-08-19 19:45:11'),(59,36,88,'Adipisci quia id nesciunt. Blanditiis ratione dicta culpa aut et aliquam. Illo aut nesciunt harum sit modi debitis possimus repellat.',0,0,'1997-04-25 05:11:21'),(60,33,100,'Et aperiam aut qui. Doloribus autem maxime vitae aut aliquid. Repellat debitis sed cupiditate laudantium voluptatibus animi. Et sint autem consectetur ut.',1,0,'2011-07-19 03:06:18'),(61,2,9,'Sunt autem quis quis quibusdam in perferendis soluta. Inventore rem occaecati ipsum sit omnis ratione. Et aperiam vitae beatae minima officia. Sint porro dolores fugit facere.',0,1,'1993-04-23 19:10:13'),(62,37,58,'Perferendis consequatur delectus vero velit. Iure aut aut ipsum mollitia nisi quam. Accusantium quaerat voluptatem porro cum non molestiae. At ratione illo occaecati qui magnam.',1,0,'2014-03-28 04:45:46'),(63,79,21,'Et dignissimos excepturi dignissimos consequatur non numquam. Alias id dolorum ut id ut ab. Illo consequuntur animi reprehenderit sit et tempora maxime necessitatibus.',0,1,'1999-06-20 23:58:27'),(64,68,77,'Quas nostrum dignissimos non numquam nulla corrupti quas. Enim pariatur et nemo repellendus eos. Aut ea repellendus quaerat molestiae molestias dolorem labore exercitationem.',1,1,'2000-06-14 06:41:15'),(65,79,65,'Et maiores aut pariatur ducimus nisi et occaecati. Harum in omnis quia rerum sequi. Inventore et id ab blanditiis veniam.',0,1,'1974-09-04 02:26:18'),(66,86,36,'Necessitatibus commodi libero voluptatem recusandae sit. Quisquam id est voluptatibus iste aut. Excepturi qui doloremque omnis voluptas ut eligendi. Voluptatibus quia quae nostrum ratione.',1,0,'2008-09-27 17:49:52'),(67,22,99,'Itaque eligendi et totam voluptatem debitis temporibus repellat. Modi ex aliquam distinctio maxime. Nobis laboriosam pariatur veritatis perferendis ipsam fugit.',1,0,'1983-04-21 18:47:13'),(68,30,51,'Expedita laboriosam aspernatur enim eos sequi mollitia id. Corporis et qui incidunt enim quas dolorem ex minima. Voluptas aut quaerat et dolores aut. Ut eum nesciunt magni.',0,1,'2010-03-25 13:02:32'),(69,64,67,'Veritatis modi aspernatur qui repellendus quidem est. Maxime vitae modi aspernatur consequatur. Itaque quidem in aut autem. Omnis sequi aliquam et aspernatur beatae quidem a.',1,0,'1971-07-31 17:57:13'),(70,41,6,'Voluptatum laborum non aut dolor aut nihil illum qui. Consequatur ut laboriosam dolor accusantium. Sed qui tempore enim qui adipisci est reiciendis. Asperiores ipsum deleniti est voluptatum in eum. Ut sed quasi optio et quae.',1,0,'2007-03-23 11:23:37'),(71,6,10,'Repellendus quidem esse impedit. Ducimus qui molestiae minus.',1,0,'1988-08-06 09:43:26'),(72,33,36,'Dolores voluptatem laborum deleniti molestias a animi. Alias sunt tenetur voluptas nulla quia. Non fuga aut explicabo minima officiis in.',0,0,'2016-03-22 20:01:13'),(73,79,89,'Numquam sed aperiam voluptas veniam. Aliquam suscipit minima eos tenetur. Magni aut laborum et quia nisi in. Commodi accusamus velit dolores deleniti.',1,0,'2014-08-11 01:25:19'),(74,4,54,'Quia perspiciatis amet qui unde. Mollitia dolor praesentium corporis et porro. Laudantium voluptas mollitia animi rerum dolorem non dolorem.',1,0,'1987-08-09 07:11:55'),(75,58,26,'In corrupti aut et voluptatibus nesciunt sunt vero. Voluptatum nihil nemo labore sed et ullam ullam. Esse sapiente est quam. Unde debitis voluptatum quia qui adipisci. Quam ea voluptas est fugit.',0,1,'2017-01-05 04:45:28'),(76,56,3,'Inventore dignissimos et quas beatae perspiciatis. Perspiciatis autem expedita hic. Omnis perspiciatis fugiat dolorem illum odio est nihil delectus. Temporibus sunt dicta nihil dolorem esse cum qui. Omnis aperiam autem facilis ad.',0,1,'1987-02-04 12:54:02'),(77,45,16,'Quisquam ipsa veniam temporibus voluptatem omnis nam. Provident nesciunt qui alias quia error amet omnis voluptas. Qui asperiores aut perferendis ut odit est et.',0,0,'1977-08-08 19:35:46'),(78,44,71,'Sint voluptas assumenda voluptatem aperiam aliquam. Ea dolor aut rem fuga. Vel sed quo ipsum nulla doloribus.',0,0,'2018-03-18 13:43:33'),(79,25,9,'Sunt asperiores voluptas fugiat ex sunt. Eum repudiandae delectus perferendis modi iure. Est aut perferendis consequuntur voluptas excepturi corporis.',1,1,'1985-08-29 20:25:50'),(80,72,30,'Illum ad soluta ex qui rerum at. Possimus esse velit dolorem qui esse. Est cumque veniam fugit nihil qui aliquid placeat. Nihil veniam rem et odio alias.',0,1,'1979-05-06 03:10:54'),(81,32,73,'Autem ea a ipsam molestiae deleniti officiis et quae. Occaecati dolor tempora ut beatae architecto inventore minus perferendis. Impedit qui aperiam dolorem possimus nesciunt quo adipisci laboriosam.',0,0,'2017-09-12 10:47:30'),(82,67,17,'Et non est fuga amet consectetur. Qui alias veritatis enim repellat voluptatem quidem explicabo. Unde non ullam adipisci quaerat voluptas.',0,0,'2008-06-27 02:48:14'),(83,84,66,'Qui a labore ut. Hic aspernatur aspernatur quis animi earum perspiciatis enim quisquam. Alias ratione corporis dolore repellendus saepe velit.',1,0,'1996-04-30 07:28:59'),(84,80,2,'Quia quisquam suscipit voluptatem voluptatum. In provident repudiandae qui soluta sunt neque debitis. Optio incidunt porro provident inventore quasi nam earum ex.',0,0,'2021-03-08 13:40:01'),(85,69,37,'Non qui aut perferendis nihil. Cumque dolor quo porro in porro explicabo impedit. Odio aut velit eligendi dolorum non nostrum rerum corrupti. Quia cumque ut distinctio est nam voluptas tempore. Cum aut voluptatum numquam est ducimus qui.',1,1,'2012-10-31 07:09:13'),(86,79,84,'Quis quod commodi atque ut. Nam eum qui modi.',0,0,'2002-12-08 16:08:00'),(87,84,65,'Veniam enim modi quia. Ea et sunt et dolorem. Enim aut reiciendis in dolorum. Quia earum maxime ea.',1,1,'2009-07-13 04:03:38'),(88,74,72,'Ut dolores sint sit omnis commodi et ut quam. Est saepe tempora libero magni. Laborum facere architecto fuga earum occaecati.',1,1,'1983-03-10 04:51:51'),(89,40,83,'Ut sed non omnis sed harum non. Et et corporis vitae reprehenderit. Repudiandae reprehenderit aliquam placeat ea odit perspiciatis voluptatibus illo.',0,1,'2008-10-28 03:32:06'),(90,94,22,'Voluptates nostrum laboriosam eius cum voluptatem possimus debitis. Enim dolor voluptatem ut qui. Placeat et eum aut porro sapiente et. Architecto ducimus non aut.',0,1,'1987-12-06 03:57:50'),(91,27,69,'Sed voluptas et accusamus corporis consequatur vitae. Perspiciatis et suscipit minus aut. Sit similique quam rem eius iure ipsa delectus.',0,0,'2015-03-19 06:37:01'),(92,63,9,'Voluptatem nihil molestiae sed nihil. Cupiditate dolorum optio voluptatem voluptas. Quas dolorum aut ut distinctio nostrum sed. Animi suscipit pariatur cumque dolore pariatur vero est.',0,1,'2016-04-25 20:28:19'),(93,53,39,'Quaerat praesentium veritatis molestiae vel facilis. Non nemo harum dolor commodi consectetur molestiae. Sed necessitatibus blanditiis esse a accusamus nostrum. Et sunt aut corrupti expedita facere architecto. Harum praesentium iste id sed pariatur non aut expedita.',0,0,'1978-03-27 05:54:26'),(94,34,52,'Quos mollitia quaerat in nam. Eum blanditiis ex eum velit. Earum aperiam laudantium beatae provident expedita temporibus. Totam voluptatem neque iure aut. Perspiciatis labore et est quod voluptatem neque qui eius.',0,0,'2002-03-12 08:33:56'),(95,57,30,'Sed quia eligendi beatae qui sequi eveniet. Error commodi et modi repellendus soluta sequi possimus. Commodi ea reprehenderit sint inventore suscipit ratione.',0,0,'1982-01-19 05:58:38'),(96,80,7,'Totam veritatis modi recusandae beatae doloribus repudiandae voluptatem illo. Provident et eveniet nihil modi tenetur autem consequatur. Ut nihil ut velit. Quidem quia velit voluptatum ducimus quo.',0,1,'1979-01-24 15:32:25'),(97,96,57,'Sunt voluptatem dignissimos consectetur ut. Quo sit eum perspiciatis in at suscipit atque.',0,0,'2009-12-24 07:52:53'),(98,97,13,'Nostrum illum accusantium voluptas dolor non dolorem. Temporibus esse minima qui qui quae. Incidunt neque est debitis molestiae velit temporibus corporis quae.',1,0,'2001-02-07 01:19:00'),(99,73,24,'Nisi et rerum eum dolores dolorum harum magnam. Aspernatur facere rerum voluptatum voluptas eaque quia omnis. Quia est aut enim dolore. Nostrum rerum consequatur et rem quas aut.',0,1,'2016-04-20 04:01:18'),(100,4,46,'Et odit at sunt placeat eligendi omnis magni. Quidem sapiente alias quam eum. Consectetur vero harum quia perspiciatis dolores ut quo. Minima soluta dolorem qui sed.',1,0,'1997-05-08 14:44:51');
/*!40000 ALTER TABLE `messages` ENABLE KEYS */;
UNLOCK TABLES;

--
-- Table structure for table `profiles`
--

DROP TABLE IF EXISTS `profiles`;
/*!40101 SET @saved_cs_client     = @@character_set_client */;
/*!50503 SET character_set_client = utf8mb4 */;
CREATE TABLE `profiles` (
  `user_id` int unsigned NOT NULL COMMENT 'Ссылка на пользователя',
  `gender` enum('M','F') COLLATE utf8mb4_unicode_ci DEFAULT NULL,
  `birthday` date DEFAULT NULL COMMENT 'Дата рождения',
  `city` varchar(130) CHARACTER SET utf8mb4 COLLATE utf8mb4_unicode_ci DEFAULT NULL COMMENT 'Город проживания',
  `country` varchar(130) CHARACTER SET utf8mb4 COLLATE utf8mb4_unicode_ci DEFAULT NULL COMMENT 'Страна проживания',
  `created_at` datetime DEFAULT CURRENT_TIMESTAMP COMMENT 'Время создания строки',
  `updated_at` datetime DEFAULT CURRENT_TIMESTAMP ON UPDATE CURRENT_TIMESTAMP COMMENT 'Время обновления строки',
  PRIMARY KEY (`user_id`)
) ENGINE=InnoDB DEFAULT CHARSET=utf8mb4 COLLATE=utf8mb4_unicode_ci COMMENT='Профили';
/*!40101 SET character_set_client = @saved_cs_client */;

--
-- Dumping data for table `profiles`
--

LOCK TABLES `profiles` WRITE;
/*!40000 ALTER TABLE `profiles` DISABLE KEYS */;
INSERT INTO `profiles` VALUES (1,'M','2020-02-07','New Alexandraland','USA','2016-04-06 08:25:26','2021-04-21 22:49:56'),(2,'M','2021-03-31','North Cullen','Belarus','2016-11-08 01:30:23','2021-04-21 22:49:56'),(3,'M','1983-11-20','New Crystel','Russian Fderation','2013-11-08 00:23:57','2021-04-21 22:49:56'),(4,'F','2004-12-30','Murphyburgh','Belarus','2013-03-30 06:34:00','2021-04-21 22:49:56'),(5,'F','1999-04-10','North Alexandroview','Germany','2017-03-03 09:51:57','2021-04-21 22:49:56'),(6,'M','1982-03-02','Ferryport','Russian Fderation','2016-03-28 18:06:25','2021-04-21 22:49:56'),(7,'F','2013-03-20','Pfannerstillview','Belarus','2020-12-29 00:05:16','2021-04-21 22:49:56'),(8,'F','2004-10-26','Port Stephon','USA','2015-07-13 23:34:34','2021-04-21 22:49:56'),(9,'F','2020-08-06','West Electa','Russian Fderation','2013-06-14 13:02:59','2021-04-21 22:49:56'),(10,'F','1978-11-01','Emileshire','USA','2013-06-30 10:16:45','2021-04-21 22:49:56'),(11,'F','2000-01-08','Mariettaside','Germany','2014-09-09 20:56:39','2021-04-21 22:49:56'),(12,'F','2020-04-30','Lamontmouth','USA','2011-05-05 07:34:32','2021-04-21 22:49:56'),(13,'M','1996-07-24','Port Danika','Russian Fderation','2018-09-10 16:21:59','2021-04-21 22:49:56'),(14,'M','1976-12-16','South Marianne','Belarus','2018-02-07 13:58:02','2021-04-21 22:49:56'),(15,'M','1984-08-17','Streichfurt','USA','2016-10-01 19:57:08','2021-04-21 22:49:56'),(16,'M','1988-05-21','New Reggie','USA','2016-10-25 22:05:02','2021-04-21 22:49:56'),(17,'F','1975-10-09','Lake Wilhelm','Belarus','2011-08-16 06:22:25','2021-04-21 22:49:56'),(18,'M','1971-06-02','Tryciafort','Germany','2017-11-10 03:13:25','2021-04-21 22:49:56'),(19,'M','1999-01-03','Libbyshire','Russian Fderation','2018-02-09 18:55:26','2021-04-21 22:49:56'),(20,'F','1973-08-24','Kochfurt','Belarus','2011-08-26 22:01:26','2021-04-21 22:49:56'),(21,'M','2011-02-04','Port Shawnstad','Germany','2015-09-15 05:36:33','2021-04-21 22:49:56'),(22,'M','2006-03-31','Port Colten','USA','2011-07-27 17:59:28','2021-04-21 22:49:56'),(23,'M','1971-03-17','Brendaville','USA','2015-08-18 23:57:04','2021-04-21 22:49:56'),(24,'M','1982-09-20','Cieloside','USA','2020-09-23 01:06:53','2021-04-21 22:49:56'),(25,'F','2003-12-31','Shieldsville','Belarus','2016-02-07 20:33:49','2021-04-21 22:49:56'),(26,'M','2001-08-19','Port Jessie','Belarus','2019-12-26 00:10:24','2021-04-21 22:49:56'),(27,'M','1983-02-17','South Mittie','Belarus','2020-03-15 19:11:46','2021-04-21 22:49:56'),(28,'F','1971-12-17','Wunschmouth','Germany','2012-12-24 10:50:27','2021-04-21 22:49:56'),(29,'F','2010-10-25','New Kamille','Russian Fderation','2017-12-16 00:52:04','2021-04-21 22:49:56'),(30,'F','1989-04-23','South Crawfordview','USA','2019-12-28 19:39:52','2021-04-21 22:49:56'),(31,'F','1999-02-16','Mackenziestad','Germany','2015-12-17 14:14:06','2021-04-21 22:49:56'),(32,'M','1983-11-16','Rowetown','USA','2016-11-07 09:10:16','2021-04-21 22:49:56'),(33,'M','1997-03-19','Port Amiramouth','Belarus','2018-07-19 01:56:05','2021-04-21 22:49:56'),(34,'F','2008-09-13','Zionshire','Russian Fderation','2014-11-29 11:16:13','2021-04-21 22:49:56'),(35,'M','1981-09-20','West Rogelioland','USA','2016-04-11 08:15:51','2021-04-21 22:49:56'),(36,'F','2005-05-30','Port Courtneyshire','USA','2017-08-06 12:11:11','2021-04-21 22:49:56'),(37,'F','1972-01-27','Dudleybury','Germany','2014-04-29 08:39:26','2021-04-21 22:49:56'),(38,'F','2015-09-16','East Clevemouth','Russian Fderation','2018-04-06 19:03:57','2021-04-21 22:49:56'),(39,'M','2014-10-18','West Lenny','Belarus','2017-03-17 08:50:41','2021-04-21 22:49:56'),(40,'M','2003-05-11','Ankundingfurt','Russian Fderation','2013-11-05 20:03:39','2021-04-21 22:49:56'),(41,'M','1987-09-28','Littlefort','Russian Fderation','2020-03-29 02:29:46','2021-04-21 22:49:56'),(42,'M','1986-01-26','Lake Kaylin','USA','2014-11-05 21:09:26','2021-04-21 22:49:56'),(43,'F','2014-07-24','Mrazshire','Belarus','2021-02-25 18:00:22','2021-04-21 22:49:56'),(44,'M','2020-12-08','West Yvette','USA','2018-02-19 23:16:04','2021-04-21 22:49:56'),(45,'F','1998-07-09','New Rosaliaville','Belarus','2015-01-15 18:29:21','2021-04-21 22:49:56'),(46,'M','1995-09-27','Lake Derickview','USA','2018-08-11 02:14:40','2021-04-21 22:49:56'),(47,'F','2002-03-30','Aufderharbury','Russian Fderation','2015-03-24 23:46:54','2021-04-21 22:49:56'),(48,'M','1977-04-08','Geoffreyville','Belarus','2017-07-31 14:04:03','2021-04-21 22:49:56'),(49,'M','1979-09-16','North Zoemouth','Belarus','2015-07-17 12:36:36','2021-04-21 22:49:56'),(50,'M','1987-01-25','East Dejaberg','USA','2018-01-21 23:49:55','2021-04-21 22:49:56'),(51,'M','1989-03-03','Tillmanburgh','Germany','2017-09-04 06:22:08','2021-04-21 22:49:56'),(52,'M','2018-06-19','South Jonasport','USA','2015-12-09 06:39:48','2021-04-21 22:49:56'),(53,'F','1994-10-28','Botsfordchester','USA','2019-04-09 18:11:39','2021-04-21 22:49:56'),(54,'F','1979-10-16','New Bernadette','Russian Fderation','2015-05-26 17:54:17','2021-04-21 22:49:56'),(55,'M','1978-08-04','Lake Raphaellefort','Germany','2015-05-06 05:08:11','2021-04-21 22:49:56'),(56,'F','1987-01-23','New Lazaro','Germany','2013-11-08 17:12:25','2021-04-21 22:49:56'),(57,'M','2009-04-02','Aylinhaven','Russian Fderation','2014-07-04 21:10:59','2021-04-21 22:49:56'),(58,'M','1973-02-01','Spinkaburgh','Belarus','2011-09-19 09:55:07','2021-04-21 22:49:56'),(59,'F','2009-05-24','Maribelport','Germany','2015-05-08 00:22:20','2021-04-21 22:49:56'),(60,'F','2003-03-26','New Shanie','Germany','2013-02-24 13:40:50','2021-04-21 22:49:56'),(61,'F','1996-09-25','Helenachester','USA','2013-05-01 11:54:21','2021-04-21 22:49:56'),(62,'F','1994-04-01','Mantemouth','Germany','2014-05-29 09:34:39','2021-04-21 22:49:56'),(63,'F','2005-04-29','VonRuedenland','USA','2020-12-06 15:33:35','2021-04-21 22:49:56'),(64,'M','1996-12-30','Swaniawskifurt','Germany','2014-01-15 16:14:15','2021-04-21 22:49:56'),(65,'M','2007-09-23','Schummview','Belarus','2014-04-05 16:44:21','2021-04-21 22:49:56'),(66,'M','2019-02-10','East Loraineport','Germany','2015-01-19 17:53:06','2021-04-21 22:49:56'),(67,'F','2016-01-16','Lake Rosario','USA','2013-01-22 01:23:12','2021-04-21 22:49:56'),(68,'F','1973-06-05','New Cathyview','USA','2014-08-21 17:31:12','2021-04-21 22:49:56'),(69,'M','1971-08-06','Marquisefurt','Germany','2013-04-26 15:41:15','2021-04-21 22:49:56'),(70,'M','1971-02-11','New Genesis','Russian Fderation','2013-03-03 04:01:37','2021-04-21 22:49:56'),(71,'M','2007-02-19','West Haileeborough','Belarus','2014-12-04 16:53:18','2021-04-21 22:49:56'),(72,'F','2003-01-10','East Bill','Belarus','2020-07-21 03:08:57','2021-04-21 22:49:56'),(73,'M','2008-12-20','West Eldoraside','USA','2020-11-05 07:34:10','2021-04-21 22:49:56'),(74,'M','1993-04-15','Lowebury','Russian Fderation','2013-08-26 02:19:34','2021-04-21 22:49:56'),(75,'M','2001-08-03','Feilburgh','Russian Fderation','2011-12-28 13:06:35','2021-04-21 22:49:56'),(76,'M','1986-04-20','Loyview','USA','2015-08-14 10:22:47','2021-04-21 22:49:56'),(77,'M','1987-10-10','Botsfordland','Belarus','2017-10-24 03:16:48','2021-04-21 22:49:56'),(78,'M','1987-05-05','Carolville','Belarus','2018-01-27 08:22:37','2021-04-21 22:49:56'),(79,'F','1997-08-24','Hermistonmouth','USA','2012-08-08 05:21:41','2021-04-21 22:49:56'),(80,'M','1973-02-11','North Andrewview','USA','2021-04-15 15:05:11','2021-04-21 22:49:56'),(81,'M','1987-07-31','Raeberg','Germany','2020-03-26 09:37:28','2021-04-21 22:49:56'),(82,'M','1997-09-08','Madisenview','Belarus','2017-02-26 19:15:14','2021-04-21 22:49:56'),(83,'F','1985-01-10','West Elfrieda','USA','2016-10-16 08:13:57','2021-04-21 22:49:56'),(84,'F','2005-09-22','Lake Hector','Russian Fderation','2013-06-23 23:58:20','2021-04-21 22:49:56'),(85,'M','1992-07-02','East Mariamview','USA','2011-04-23 15:09:26','2021-04-21 22:49:56'),(86,'M','1989-04-02','East Raegan','USA','2019-05-22 06:07:05','2021-04-21 22:49:56'),(87,'M','1991-10-16','South Waltermouth','Belarus','2019-08-18 05:17:02','2021-04-21 22:49:56'),(88,'F','2019-01-15','Robelborough','Germany','2014-02-04 12:29:34','2021-04-21 22:49:56'),(89,'M','2006-04-30','Simbury','Belarus','2011-11-20 05:16:41','2021-04-21 22:49:56'),(90,'F','2014-01-29','Maryamview','Belarus','2013-08-25 02:23:19','2021-04-21 22:49:56'),(91,'F','2017-10-04','South Kacey','Russian Fderation','2011-10-18 19:12:14','2021-04-21 22:49:56'),(92,'F','1987-07-26','North Lizeth','USA','2016-06-22 11:58:13','2021-04-21 22:49:56'),(93,'F','2000-08-01','Fannychester','Russian Fderation','2015-03-18 21:16:56','2021-04-21 22:49:56'),(94,'F','2001-08-02','West Jaycetown','Germany','2016-05-18 15:05:54','2021-04-21 22:49:56'),(95,'M','2019-05-09','Binsland','Germany','2018-03-10 06:42:43','2021-04-21 22:49:56'),(96,'F','2018-05-21','East Nicole','USA','2018-06-08 07:59:10','2021-04-21 22:49:56'),(97,'F','1993-08-20','Johnsmouth','Belarus','2015-05-25 20:09:09','2021-04-21 22:49:56'),(98,'F','1975-10-28','South Letitiaville','USA','2020-10-16 12:27:17','2021-04-21 22:49:56'),(99,'M','1976-04-15','East Raoulmouth','Belarus','2014-03-10 00:16:52','2021-04-21 22:49:56'),(100,'F','2001-01-26','Olivermouth','Russian Fderation','2014-09-01 11:51:35','2021-04-21 22:49:56');
/*!40000 ALTER TABLE `profiles` ENABLE KEYS */;
UNLOCK TABLES;

--
-- Table structure for table `users`
--

DROP TABLE IF EXISTS `users`;
/*!40101 SET @saved_cs_client     = @@character_set_client */;
/*!50503 SET character_set_client = utf8mb4 */;
CREATE TABLE `users` (
  `id` int unsigned NOT NULL AUTO_INCREMENT COMMENT 'Идентификатор строки',
  `first_name` varchar(100) CHARACTER SET utf8mb4 COLLATE utf8mb4_unicode_ci NOT NULL COMMENT 'Имя пользователя',
  `last_name` varchar(100) CHARACTER SET utf8mb4 COLLATE utf8mb4_unicode_ci NOT NULL COMMENT 'Фамилия пользователя',
  `email` varchar(100) CHARACTER SET utf8mb4 COLLATE utf8mb4_unicode_ci NOT NULL COMMENT 'Почта',
  `phone` varchar(100) CHARACTER SET utf8mb4 COLLATE utf8mb4_unicode_ci NOT NULL COMMENT 'Телефон',
  `created_at` datetime DEFAULT CURRENT_TIMESTAMP COMMENT 'Время создания строки',
  `updated_at` datetime DEFAULT CURRENT_TIMESTAMP ON UPDATE CURRENT_TIMESTAMP COMMENT 'Время обновления строки',
  PRIMARY KEY (`id`),
  UNIQUE KEY `email` (`email`),
  UNIQUE KEY `phone` (`phone`)
) ENGINE=InnoDB AUTO_INCREMENT=101 DEFAULT CHARSET=utf8mb4 COLLATE=utf8mb4_unicode_ci COMMENT='Пользователи';
/*!40101 SET character_set_client = @saved_cs_client */;

--
-- Dumping data for table `users`
--

LOCK TABLES `users` WRITE;
/*!40000 ALTER TABLE `users` DISABLE KEYS */;
INSERT INTO `users` VALUES (1,'Ruth','Emard','aufderhar.lois@example.com','(574)086-0247x65131','2019-02-14 07:29:45','2021-04-21 22:48:46'),(2,'London','Torp','kylie.abshire@example.com','054.057.3540','2020-04-25 13:29:16','2021-04-21 22:48:46'),(3,'Griffin','Metz','fidel.waelchi@example.com','+66(6)6928875043','2015-10-03 13:36:27','2016-12-14 03:06:04'),(4,'Madalyn','Kris','myrtice35@example.net','1-952-046-9231x6696','2015-08-25 18:44:46','2019-02-14 16:14:05'),(5,'Jonatan','Brekke','labbott@example.org','864.465.4166','2012-09-28 00:53:49','2018-11-07 03:07:35'),(6,'Timmothy','Johns','klein.felton@example.com','+82(9)8414952522','2017-06-03 01:43:23','2020-02-13 13:00:45'),(7,'Joana','Gulgowski','barton.rosina@example.org','875.861.5484x928','2015-06-01 13:03:32','2021-04-21 22:48:46'),(8,'Ezekiel','Champlin','armstrong.daniella@example.com','964.517.6307','2019-05-07 12:51:23','2021-04-21 22:48:46'),(9,'Kenya','Herzog','lupe15@example.com','247-094-3728x157','2019-03-13 05:19:03','2021-04-21 22:48:46'),(10,'Lora','Zboncak','marcellus.runte@example.com','777.914.9786','2020-04-10 09:46:42','2021-04-21 22:48:46'),(11,'Eric','Carroll','kuhn.mervin@example.net','(843)435-5463','2012-04-15 08:55:34','2019-01-07 04:14:52'),(12,'Monique','Mertz','maudie45@example.org','(795)019-1555x491','2011-08-18 16:17:13','2020-09-29 01:03:44'),(13,'Taurean','Bode','sylvia25@example.org','00498187623','2017-05-23 06:18:25','2021-04-21 22:48:46'),(14,'Mossie','Daugherty','gislason.marion@example.org','(871)391-4332x4662','2016-02-08 02:36:57','2018-12-03 11:30:16'),(15,'Carmine','Heller','ckutch@example.com','710-799-3788x725','2017-07-09 19:02:58','2021-04-21 22:48:46'),(16,'Orlando','Halvorson','brakus.catharine@example.net','1-304-830-8449','2011-11-21 21:56:55','2014-06-06 11:58:41'),(17,'Ashtyn','Weber','gerard.beahan@example.org','519-185-8146','2018-08-27 07:31:41','2021-04-21 22:48:46'),(18,'Elyssa','Balistreri','cmosciski@example.com','1-859-860-2733','2021-03-11 11:12:20','2021-04-21 22:48:46'),(19,'Quentin','Kautzer','olemke@example.com','733-267-4697x251','2014-01-24 18:49:59','2014-11-05 22:07:21'),(20,'Litzy','Bergnaum','lmueller@example.com','607-304-1800','2011-09-06 03:19:16','2020-08-08 21:18:02'),(21,'Dax','Kuhic','jmiller@example.net','03395529954','2018-12-21 02:20:42','2021-04-21 22:48:46'),(22,'Hertha','Stoltenberg','hbayer@example.org','958-502-4343','2011-11-02 08:37:18','2017-08-18 09:27:25'),(23,'Albin','Gaylord','mireille.bernhard@example.net','214-774-5525x1945','2014-08-07 03:34:53','2020-09-04 17:12:06'),(24,'Verla','Labadie','rupert.white@example.org','1-973-259-8754','2015-08-19 09:56:16','2021-04-21 22:48:46'),(25,'Lance','Flatley','sasha58@example.net','899.052.9179x073','2020-04-13 22:43:54','2021-04-21 22:48:46'),(26,'Aiyana','Nitzsche','lizeth.mcclure@example.com','(783)423-5777x02921','2012-03-07 10:49:43','2012-09-04 15:33:58'),(27,'Jack','Hickle','schinner.consuelo@example.org','622.659.6868','2016-10-08 15:01:10','2019-09-24 03:54:52'),(28,'Kaycee','Bednar','smith.adele@example.com','02004689966','2019-03-23 07:10:58','2021-04-21 22:48:46'),(29,'Justyn','Willms','wiegand.olin@example.org','+16(2)1613817186','2014-11-09 02:07:28','2021-04-21 22:48:46'),(30,'Myles','Gerlach','grady.lilian@example.com','(568)845-3394','2013-02-08 15:09:20','2016-06-02 08:53:27'),(31,'Nettie','Ledner','vivianne39@example.net','977.119.4227x140','2018-01-13 03:10:43','2020-03-27 22:12:31'),(32,'Jonathon','Crona','lcruickshank@example.org','411-287-9996x460','2012-01-17 19:16:48','2017-05-20 11:21:57'),(33,'Katherine','Hudson','sadie.nicolas@example.org','(694)331-5526','2016-10-17 19:11:40','2021-04-21 22:48:46'),(34,'Ephraim','Hansen','mcclure.maritza@example.com','+23(5)7827689115','2016-07-18 16:45:37','2018-04-30 22:26:38'),(35,'Narciso','Bednar','ondricka.conrad@example.net','+52(0)8022510429','2016-12-11 16:10:59','2020-05-03 19:21:32'),(36,'Karlee','Lehner','gutkowski.newell@example.net','721-092-1485x280','2015-11-25 13:50:38','2016-12-24 11:34:23'),(37,'Eliane','Sawayn','janet.schmeler@example.net','745.424.3588','2017-03-16 08:40:33','2021-04-21 22:48:46'),(38,'Guiseppe','Casper','annette.terry@example.com','07437725975','2014-02-14 13:46:42','2021-04-21 22:48:46'),(39,'Mariam','Skiles','hodkiewicz.charity@example.com','02910780868','2018-05-15 17:37:48','2021-04-21 22:48:46'),(40,'Kadin','Braun','wiegand.damian@example.com','953-289-8506x01722','2018-12-29 20:02:30','2021-04-21 22:48:46'),(41,'Jammie','Trantow','feil.jermaine@example.net','673-224-9926x3940','2014-07-02 07:49:50','2021-04-21 22:48:46'),(42,'Madaline','Bartell','bednar.johnpaul@example.com','1-973-157-7122x14215','2011-10-09 06:11:38','2013-10-06 15:16:28'),(43,'Julie','Sawayn','wintheiser.annie@example.com','03053516917','2016-05-19 23:39:24','2017-03-31 11:22:44'),(44,'Freida','Lemke','parker61@example.org','+29(8)8114868597','2012-12-05 10:56:50','2019-04-17 03:33:32'),(45,'Ivy','Rutherford','aufderhar.humberto@example.com','(230)245-0650','2012-03-27 10:46:29','2016-10-13 23:02:32'),(46,'Vickie','Conroy','lauren.jacobson@example.com','07182685895','2020-09-30 11:51:09','2021-04-21 22:48:46'),(47,'Lelia','Hettinger','hauck.judson@example.com','082-767-1006x8806','2020-01-16 15:30:43','2021-04-21 22:48:46'),(48,'Darby','Bartell','robin06@example.net','571.359.6425','2017-09-10 04:06:43','2020-03-14 15:33:02'),(49,'Nina','Murazik','wraynor@example.org','241.407.0922','2013-04-12 06:07:14','2021-04-21 22:48:46'),(50,'Margie','Rolfson','braynor@example.org','(707)980-3862x58368','2013-01-15 08:37:58','2018-01-08 20:50:59'),(51,'Vilma','Mohr','xnitzsche@example.com','019.147.7430x0927','2017-03-31 03:07:07','2020-08-08 15:19:27'),(52,'Kacie','Berge','weston.volkman@example.com','1-102-314-3169x3504','2011-09-12 05:56:48','2013-08-16 16:12:11'),(53,'Kurtis','Pfannerstill','cristopher.trantow@example.com','535-097-1845','2019-03-06 05:51:16','2021-04-21 22:48:46'),(54,'Cortez','Wiza','green.elvis@example.org','+25(9)2226493054','2017-11-03 18:32:16','2018-05-03 20:35:43'),(55,'Shana','Dach','reed90@example.net','168.254.8771','2014-10-30 02:23:15','2021-04-05 01:57:56'),(56,'Lurline','Medhurst','eino29@example.net','781-686-0035x1320','2020-02-27 07:32:02','2021-04-21 22:48:46'),(57,'Amya','DuBuque','eo\'reilly@example.com','1-437-636-5922','2016-03-18 05:19:41','2019-08-16 14:09:11'),(58,'Maximus','DuBuque','kelvin95@example.org','1-321-574-4815x1851','2014-09-02 06:09:23','2021-04-21 22:48:46'),(59,'Zita','Bruen','ezequiel59@example.net','334.438.9420','2013-04-08 14:45:07','2018-01-09 05:43:51'),(60,'Nikko','Schamberger','xmcdermott@example.net','523-568-5493x415','2011-11-21 10:21:25','2018-07-06 01:36:25'),(61,'Sarai','Bernhard','mstamm@example.com','(877)902-4418','2018-08-14 12:28:58','2021-04-21 22:48:46'),(62,'Maryse','Brakus','aschimmel@example.org','06727095261','2016-11-25 03:13:26','2021-04-21 22:48:46'),(63,'Albin','Kertzmann','valentine.stroman@example.org','972-678-7670x9095','2020-06-01 02:59:45','2021-04-21 22:48:46'),(64,'Maxine','Dickens','dorothy74@example.org','1-371-153-7217x8390','2012-10-10 12:57:58','2020-05-13 00:10:20'),(65,'Adrianna','Kub','arvel.fadel@example.org','+13(8)3514612955','2013-08-12 14:03:53','2016-08-29 00:01:10'),(66,'Austyn','Kiehn','karolann.hansen@example.net','06668840314','2011-10-28 12:35:36','2017-07-15 17:47:24'),(67,'Jonathon','Grady','qbeier@example.org','796-924-6554','2013-04-07 19:06:26','2020-03-27 13:35:02'),(68,'Kasey','Bechtelar','jayne.reinger@example.com','02330702374','2018-05-26 09:02:33','2021-04-21 22:48:46'),(69,'Alessandra','Gorczany','birdie27@example.org','475-861-5249x2685','2012-10-04 17:06:25','2017-08-12 07:45:22'),(70,'Claudine','Turcotte','jaden.glover@example.com','715.783.6743','2017-07-19 07:43:19','2019-04-10 21:22:28'),(71,'Skyla','Fisher','cortez.heathcote@example.net','(707)677-0960x6435','2019-11-05 03:09:44','2021-04-21 22:48:46'),(72,'Immanuel','Beatty','ewuckert@example.com','517-986-2106x245','2015-04-19 22:39:35','2018-06-30 15:30:10'),(73,'Kathleen','Smith','alebsack@example.com','06806924936','2015-11-22 21:46:38','2021-04-21 22:48:46'),(74,'Concepcion','Bernhard','igoodwin@example.com','1-716-356-9631x954','2012-06-01 16:15:57','2021-04-21 22:48:46'),(75,'Jaunita','Senger','grant.giovani@example.net','862-615-3997x876','2020-12-26 20:01:54','2021-04-21 22:48:46'),(76,'Corene','Kovacek','wolff.leif@example.net','1-533-617-5499x82529','2019-03-01 19:27:38','2021-04-21 22:48:46'),(77,'Irma','Hartmann','yleannon@example.com','874.391.8101','2014-11-22 22:38:25','2016-06-01 21:13:26'),(78,'Hazle','Olson','barrows.adriel@example.org','(875)421-2301','2014-07-01 21:22:07','2021-04-09 15:34:54'),(79,'Gabrielle','Leannon','estevan28@example.com','150.442.1387','2017-09-23 14:21:15','2018-09-21 15:44:09'),(80,'Elta','Cassin','friesen.esmeralda@example.com','478.036.4265','2017-05-23 02:06:35','2021-04-21 22:48:46'),(81,'Raymundo','Stehr','morar.ernestine@example.net','(687)816-7747','2015-07-06 21:22:25','2017-02-26 10:41:41'),(82,'Derek','Huels','alf10@example.net','162.485.8982x57370','2020-10-11 22:49:25','2021-04-21 22:48:46'),(83,'Reyna','Rau','adrian.pagac@example.net','492.172.4672','2018-08-14 23:09:45','2021-04-21 22:48:46'),(84,'Ferne','Feest','triston.kreiger@example.org','(102)340-8052x10726','2020-09-28 13:51:27','2021-04-21 22:48:46'),(85,'Armani','Turner','emmet.metz@example.com','856-561-4298x6229','2017-05-31 18:21:37','2017-09-08 14:28:01'),(86,'Morgan','McCullough','wcorkery@example.org','331.259.3138x21699','2017-03-21 20:55:40','2018-11-26 02:52:50'),(87,'Alisha','Rogahn','lockman.leann@example.org','623-887-5541x20839','2015-01-30 16:44:28','2021-04-21 22:48:46'),(88,'Demetrius','Windler','orrin01@example.net','+66(3)0521529745','2012-09-23 09:11:23','2021-04-21 22:48:46'),(89,'Stefan','Zulauf','turcotte.luella@example.com','1-657-164-5771','2021-02-05 05:40:38','2021-04-21 22:48:46'),(90,'Kole','Wolf','karley.mraz@example.net','916-685-6188x1472','2015-07-02 11:55:48','2016-01-23 17:16:11'),(91,'Kelsi','Moore','effie.hayes@example.com','(876)791-5178x1115','2020-09-10 22:22:56','2021-04-21 22:48:46'),(92,'Camryn','Davis','erin00@example.net','(517)918-6750','2014-12-20 11:34:53','2021-04-21 22:48:46'),(93,'Cruz','Yost','dietrich.ilene@example.org','06837439918','2012-12-22 03:13:21','2021-04-21 22:48:46'),(94,'Shaina','Effertz','mariam.koss@example.com','(084)970-6211x369','2012-12-24 18:41:55','2017-05-11 06:43:10'),(95,'Wilfrid','Nader','camilla40@example.net','(420)675-8039x2920','2015-11-21 15:30:50','2021-04-21 22:48:46'),(96,'Gerardo','Grant','kayley.ortiz@example.org','529-322-2291x91238','2017-10-20 21:52:44','2021-04-21 22:48:46'),(97,'Edyth','Erdman','tdonnelly@example.com','09148383707','2011-12-16 03:24:06','2014-06-11 18:12:22'),(98,'Destany','Wiegand','tromp.joel@example.org','632-199-8446','2015-05-04 17:13:55','2018-05-17 10:26:10'),(99,'Juliet','Mosciski','haven.fadel@example.com','690-825-5360x4131','2019-10-28 14:25:24','2021-04-21 22:48:46'),(100,'Leanne','Murphy','ford.langworth@example.com','1-736-581-3641x8796','2014-07-12 23:33:38','2021-04-21 22:48:46');
/*!40000 ALTER TABLE `users` ENABLE KEYS */;
UNLOCK TABLES;
/*!40103 SET TIME_ZONE=@OLD_TIME_ZONE */;

/*!40101 SET SQL_MODE=@OLD_SQL_MODE */;
/*!40014 SET FOREIGN_KEY_CHECKS=@OLD_FOREIGN_KEY_CHECKS */;
/*!40014 SET UNIQUE_CHECKS=@OLD_UNIQUE_CHECKS */;
/*!40101 SET CHARACTER_SET_CLIENT=@OLD_CHARACTER_SET_CLIENT */;
/*!40101 SET CHARACTER_SET_RESULTS=@OLD_CHARACTER_SET_RESULTS */;
/*!40101 SET COLLATION_CONNECTION=@OLD_COLLATION_CONNECTION */;
/*!40111 SET SQL_NOTES=@OLD_SQL_NOTES */;

-- Dump completed on 2021-04-21 23:00:40
